<?xml version="1.0" encoding="UTF-8" standalone="yes"?>
    <addon id="repository.phantom" name="Phantom repository" version="2022.05.02" provider-name="Phantom">
    	<extension point="xbmc.addon.repository" name="Phantom Repository">
            <dir maxversion="17.9.0">
                <info compressed="false">https://phantom.kote.pl/repo/prod18/addons.xml</info>
                <checksum>https://phantom.kote.pl/repo/prod18/addons.xml.md5</checksum>
                <datadir zip="true">https://phantom.kote.pl/repo/prod18/</datadir>
            </dir>
            <dir minversion="18.9.0">
                <info compressed="false">https://phantom.kote.pl/repo/prod19/addons.xml</info>
                <checksum>https://phantom.kote.pl/repo/prod19/addons.xml.md5</checksum>
                <datadir zip="true">https://phantom.kote.pl/repo/prod19/</datadir>
            </dir>
    	</extension>
    	<extension point="xbmc.addon.metadata">
    		<summary>Repozytorium wtyczek Phantom</summary>
            <description>Repozytorium wtyczek Phantom</description>
    		<platform>all</platform>
    	</extension>
    </addon>