<?xml version="1.0" encoding="UTF-8" standalone="yes"?>
    <addon id="repository.phantom" name="Phantom repository" version="2021.04.01" provider-name="Phantom">
    	<extension point="xbmc.addon.repository" name="Phantom Repository">
            <dir maxversion="17.9.0">
                <info compressed="false">http://phantom-kodi.cba.pl/repo/prod/addons.xml</info>
                <checksum>http://phantom-kodi.cba.pl/repo/prod/addons.xml.md5</checksum>
                <datadir zip="true">http://phantom-kodi.cba.pl/repo/prod/</datadir>
            </dir>
            <dir minversion="18.9.0">
                <info compressed="false">http://phantom-kodi.cba.pl/repo/prod19/addons.xml</info>
                <checksum>http://phantom-kodi.cba.pl/repo/prod19/addons.xml.md5</checksum>
                <datadir zip="true">http://phantom-kodi.cba.pl/repo/prod19/</datadir>
            </dir>
    	</extension>
    	<extension point="xbmc.addon.metadata">
    		<summary>Repozytorium wtyczek Phantom</summary>
            <description>Repozytorium wtyczek Phantom</description>
    		<platform>all</platform>
    	</extension>
    </addon>