<?xml version="1.0" encoding="UTF-8" standalone="yes"?>
    <addon id="repository.phantom" name="Phantom repository" version="2024.04.23" provider-name="Phantom">
    	<extension point="xbmc.addon.repository" name="Phantom Repository">
            <dir>
                <info compressed="false">http://phantom.kote.pl/repo/prod/addons.xml</info>
                <checksum>http://phantom.kote.pl/repo/prod/addons.xml.md5</checksum>
                <datadir zip="true">http://phantom.kote.pl/repo/prod/</datadir>
            </dir>
    	</extension>
    	<extension point="xbmc.addon.metadata">
    		<summary>Repozytorium wtyczek Phantom</summary>
            <description>Repozytorium wtyczek Phantom</description>
    		<platform>all</platform>
    	</extension>
    </addon>