<?xml version="1.0" encoding="UTF-8" standalone="yes"?>
<addon id="plugin.video.phantom"
       name="Phantom"
       version="2024.11.08"
       provider-name="Phantom">
    <requires>
        <import addon="xbmc.python" version="3.0.0"/>
        <import addon="script.module.simplejson" version="2.0.10"/>
        <import addon="script.common.plugin.cache" version="2.5.5"/>
        <import addon="script.module.requests"/>
        <import addon="script.module.inputstreamhelper" version="0.3.3"/>

    </requires>
    <extension point="xbmc.python.pluginsource"
               library="default.py">
        <provides>video</provides>
    </extension>
    <extension point="xbmc.addon.metadata">
        <summary>Wtyczka PHANTOM</summary>
        <description>Wtyczka pozwala oglądać filmy ze strony CDA.pl[CR][CR] [COLOR blue]github:[/COLOR] Phantom117 [CR] [COLOR blue]www:[/COLOR] phantom.kote.pl [CR] [COLOR blue]e-mail:[/COLOR] phantom117@wp.pl
        </description>
        <platform>all</platform>

        <assets>
            <icon>icon.png</icon>
            <fanart>fanart.jpg</fanart>
        </assets>
    </extension>
</addon>
